Query,Database,Embedding Model,Generated Response,Best Similarity Score
Do Transactions obtain locks on data when they read or write?	redis	all-MiniLM-L6-v2	 Yes, in a database context, transactions often obtain locks on data when reading or writing to ensure consistency and prevent concurrent modifications that could lead to data inconsistencies. This is part of the ACID properties (Atomicity, Consistency, Isolation, Durability) that many databases adhere to for reliable transaction handling.	0.585298061371
Do Transactions obtain locks on data when they read or write?	redis	all-mpnet-base-v2	 Yes, in a database system, transactions do acquire locks on data when they read or write. Locks ensure that multiple transactions don't simultaneously access and modify the same data, thus preventing conflicts and maintaining the consistency of the data. The specific type of lock (e.g., shared lock for reading or exclusive lock for writing) depends on the operation being performed.	0.587726473808
Do Transactions obtain locks on data when they read or write?	redis	nomic-embed-text-v1	 Yes, in a database management system context, transactions often obtain locks on data when they read or write to ensure data consistency and prevent conflicts between concurrent transactions. This concept is known as locking or concurrency control. The specific type of lock used may vary depending on the database system, such as row-level locking or table-level locking.	0.502856373787
Do Transactions obtain locks on data when they read or write?	chromadb	all-MiniLM-L6-v2	 Yes, transactions do obtain locks on data when they read or write. This concept is often explained using a library analogy where borrowing a book can be considered as obtaining a lock on it. The use of locks aims to prevent conflicts, especially in high concurrency systems. However, the method used for this purpose may differ between optimistic and pessimistic concurrency control models.	1.1705963064877538
Do Transactions obtain locks on data when they read or write?	chromadb	all-mpnet-base-v2	 Yes, in the context provided, it is stated that transactions obtain locks on data when they read or write. This concept is part of the optimistic concurrency control strategy discussed in the chunks. The use of locks helps manage simultaneous access to data and prevents conflicts or inconsistencies from occurring during multiple transactions.	1.1754530778757422
Do Transactions obtain locks on data when they read or write?	chromadb	nomic-embed-text-v1	 Yes, transactions in a database system often obtain locks on data when reading or writing. This is especially true in the context of optimistic concurrency control where a lock is held to ensure that no other transaction can modify the same data while the first transaction is reading or writing it. This mechanism helps prevent conflicts and maintain the consistency of data in high concurrency systems. However, the exact implementation can vary depending on the specific database management system being used.	422.5660501736161
Do Transactions obtain locks on data when they read or write?	QdrantClient	all-MiniLM-L6-v2	 Yes, transactions can obtain locks on data when they are being read or written, in a system that employs an optimistic concurrency model (which is less common than a pessimistic one). However, the specifics of how this works may vary depending on the database system being used.	0.41470188
Do Transactions obtain locks on data when they read or write?	QdrantClient	all-mpnet-base-v2	 Yes, in the context provided, transactions do obtain locks on data when they read or write. This concept is often used in optimistic concurrency control to prevent conflicts. When a transaction reads or writes data, it assumes that there are unlikely to be conflicts. However, if a conflict does occur (for example, another transaction is modifying the same data), the system checks for this by reading the last update timestamp and version number columns on every table read, and if a conflict is found, it handles it by rolling back and rerunning the transaction, which can be less efficient in high-conflict systems. In contrast, pessimistic concurrency models lock resources to prevent conflicts, assuming that transactions need protection.	0.41227344
Do Transactions obtain locks on data when they read or write?	QdrantClient	nomic-embed-text-v1	" Yes, in the context of a database system, transactions do obtain locks on data when they read or write to ensure data consistency and prevent issues like dirty reads, nonrepeatable reads, phantom reads, etc. This concept is often referred to as optimistic concurrency control or pessimistic locking, depending on the specific database system's design. The Chunk ""precompiled stored procedures"" describes an example of a transaction that obtains locks when transferring money between accounts."	0.49714366
Why does the CAP principle not make sense when applied to a single-node MongoDB instance?	redis	all-MiniLM-L6-v2	" The CAP (Consistency, Availability, Partition Tolerance) theorem suggests that it's impossible for a distributed database system to simultaneously ensure all three of these properties with absolute guarantees in the event of network partitions. However, a single-node MongoDB instance is not a distributed system, so it doesn't encounter the same issues regarding network partitions that CAP is designed to address.

In a single-node MongoDB instance, data consistency is guaranteed because there's only one copy of the data and no concurrent writes can occur on different nodes. Availability is also maintained as long as the node remains running. Partition tolerance isn't relevant in a single-node setup since there are no network partitions to concern ourselves with.

Therefore, discussing CAP theorem's applicability or non-applicability in a single-node MongoDB instance might not be entirely accurate, as the system doesn't operate under the same conditions that CAP is designed for â€“ namely, distributed data storage and network partitions."	0.677116453648
Why does the CAP principle not make sense when applied to a single-node MongoDB instance?	redis	all-mpnet-base-v2	 The CAP theorem suggests that it's impossible for a distributed database system to simultaneously provide all three guarantees of Consistency, Availability, and Partition tolerance at all times. However, this theory is primarily relevant in the context of distributed systems, where multiple nodes are involved. In a single-node MongoDB instance, there is no partitioning since there's only one node, so the system remains consistent and available at all times without any issues with data consistency due to partitions. Therefore, the CAP theorem does not strictly apply to a single-node MongoDB instance.	0.632707476616
Why does the CAP principle not make sense when applied to a single-node MongoDB instance?	redis	nomic-embed-text-v1	" The CAP theorem, which stands for Consistency, Availability, and Partition tolerance, primarily applies to distributed databases in the context of network partitions. In a single-node MongoDB instance, there is no risk of network partitioning as all data resides on a single server. Therefore, achieving consistency, availability, and partition tolerance simultaneously in this scenario would be straightforward because network partitions, which cause inconsistencies, do not occur.

That being said, it's important to note that MongoDB has its own replication and sharding mechanisms to ensure data consistency and availability across multiple instances when scaling horizontally or in a multi-node environment. In such cases, the CAP theorem may apply more directly."	0.494452953339
Why does the CAP principle not make sense when applied to a single-node MongoDB instance?	chromadb	all-MiniLM-L6-v2	 The CAP principle, or CAP theorem, does not make sense when applied to a single-node MongoDB instance because a single node does not face the issues of consistency, availability, and partition tolerance simultaneously. A single-node database can provide all three guarantees at the same time - it can return the most recent write (consistency), it can ensure that every request receives a non-error response (availability), and it can remain operational even if there are no network issues (partition tolerance). The CAP theorem is more relevant for distributed databases where maintaining consistency across multiple nodes, while ensuring availability and tolerating network partitions, becomes a challenge.	1.3542329747775357
Why does the CAP principle not make sense when applied to a single-node MongoDB instance?	chromadb	all-mpnet-base-v2	 The CAP principle, which stands for Consistency, Availability, and Partition Tolerance, is typically used in the context of distributed databases. When applied to a single-node database like MongoDB, it doesn't make sense because a single node does not have the inherent issues associated with network partitions. In a single-node environment, the database can always provide all three guarantees - consistency (every read receives recent write), availability (every request receives a nonerror response), and partition tolerance (the system continues to operate despite arbitrary network issues since there are no network issues in a single-node setup). The CAP theorem is more about making trade-offs when designing distributed databases, not about a single node database like MongoDB.	1.2654146405962288
Why does the CAP principle not make sense when applied to a single-node MongoDB instance?	chromadb	nomic-embed-text-v1	 The CAP principle, or Brewer's theorem, is designed to explain the trade-offs in distributed systems under network partitions. It does not apply directly to a single-node MongoDB instance because it operates as a centralized system, without the need to partition data across multiple nodes or deal with network failures between them. In a single-node MongoDB setup, consistency, availability, and partition tolerance are all satisfied: every read receives recent write, every request receives a non-error response containing the latest write, and there are no network issues to contend with since it's operating as a standalone system. However, you can still consider the principles outlined in CAP when designing highly available and scalable MongoDB architectures involving multiple nodes or sharded clusters.	413.91788394015407
Why does the CAP principle not make sense when applied to a single-node MongoDB instance?	QdrantClient	all-MiniLM-L6-v2	 The CAP principle doesn't apply to a single-node MongoDB instance because it is designed for distributed systems where multiple nodes are involved. In a single-node system, consistency, availability, and partition tolerance (CAP) guarantees can be simultaneously provided since there are no network partitions or failures that would force the system to prioritize one guarantee over another. Instead, in a single-node MongoDB instance, the focus is on data safety and consistency, often through the use of pessimistic concurrency models and locks to prevent conflicts.	0.32288355
Why does the CAP principle not make sense when applied to a single-node MongoDB instance?	QdrantClient	all-mpnet-base-v2	 The CAP principle, or Brewer's Theorem, does not apply directly to a single-node MongoDB instance because it is primarily concerned with distributed systems. In such systems, consistency, availability, and partition tolerance are trade-offs that must be balanced. However, in a single-node MongoDB instance, data is stored on a single node and there's no partitioning or distribution across multiple nodes, so the principles of CAP don't come into play in the same way. A single-node MongoDB instance can offer both strong consistency (ensuring every read receives the most recent write) and high availability (every request receives a nonerror response), as there is no network partitioning or arbitrary network issues to consider.	0.3672927
Why does the CAP principle not make sense when applied to a single-node MongoDB instance?	QdrantClient	nomic-embed-text-v1	 The CAP principle does not apply to a single-node MongoDB instance because such a system operates in a manner that provides all three guarantees (Consistency, Availability, Partition Tolerance) inherently. In a single-node setup, there's no possibility of network partitions since all the data resides on a single node, ensuring consistency and partition tolerance. Furthermore, as long as the node is operational, it can guarantee availability, making the CAP theorem inapplicable to single-node systems due to its contradictory nature.	0.5055468
Who was the most streamed artist on Spotify in 2015?	redis	all-MiniLM-L6-v2	 In the provided context, there is no specific information about the most streamed artist on Spotify in 2015. Therefore, I cannot answer this question accurately based on the given context. To find the correct answer, one would need to refer to Spotify's official statistics for that year or reliable news sources which report such data.	0.797170102596
Who was the most streamed artist on Spotify in 2015?	redis	all-mpnet-base-v2	 In 2015, the most streamed artist on Spotify was Drake, according to data from that year.	0.739860594273
Who was the most streamed artist on Spotify in 2015?	redis	nomic-embed-text-v1	 In the given context, there is no specific information about the most streamed artist on Spotify in 2015. I would recommend looking for accurate data from a reliable source such as Spotify's annual report or reputable music news websites.	0.666455745697
Who was the most streamed artist on Spotify in 2015?	chromadb	all-MiniLM-L6-v2	" I don't have real-time access to external databases or streaming platforms like Spotify, so I can't provide a specific name. However, if you want to find out that information, you could use Python libraries such as 'spotipy' to interface with the Spotify API and perform queries similar to the ones shown in the context provided (e.g., filter songs by year, genre, etc.). Here is an example of how to get started using spotipy:

1. Install spotipy: `pip install spotipy`
2. Create a Spotify Developer account and obtain credentials (client_id, client_secret, redirect_uri) from the Spotify Developer Dashboard: https://developer.spotify.com/dashboard/applications
3. Use the obtained credentials to authenticate and create a Spotify API object:

```python
import spotipy
from spotipy.oauth2 import SpotifyOAuth

scope = 'user-read-currently-played-tracks,user-top-read'
client_id = '<YOUR_CLIENT_ID>'
client_secret = '<YOUR_CLIENT_SECRET>'
redirect_uri = '<YOUR_REDIRECT_URI>'

auth_manager = SpotifyOAuth(client_id=client_id, client_secret=client_secret, redirect_uri=redirect_uri, scope=scope)
sp = spotipy.Spotify(auth_manager=auth_manager)
```

4. Once authenticated, you can perform queries on the user's streamed tracks for a specific year (e.g., 2015) and find out who was the most streamed artist:

```python
top_artists = sp.current_user_top_artists(limit=10, time_range='short_term')['items']
most_streamed_artist = top_artists[0]['name']
print(""Most Streamed Artist in 2015: "", most_streamed_artist)
```"	1.594340306674595
Who was the most streamed artist on Spotify in 2015?	chromadb	all-mpnet-base-v2	 I don't have information about Spotify data from 2015. The provided chunks are related to a database for movies, not music streaming platforms like Spotify.	1.5338863963697908
Who was the most streamed artist on Spotify in 2015?	chromadb	nomic-embed-text-v1	 I don't have information about the most streamed artist on Spotify in 2015 in this given context.	455.840599783978
Who was the most streamed artist on Spotify in 2015?	QdrantClient	all-MiniLM-L6-v2	 I don't have the context to answer that specific question as it seems unrelated to the provided content which discusses working with MongoDB using PyMongo and interfacing it with Python. However, I can help you find the answer if you provide the data or guide you on how to find it using Python by connecting to the Spotify API.	0.20282987
Who was the most streamed artist on Spotify in 2015?	QdrantClient	all-mpnet-base-v2	 I don't have information about Spotify data or the streaming of artists in specific years. The provided context doesn't contain details relevant to your query.	0.23305677
Who was the most streamed artist on Spotify in 2015?	QdrantClient	nomic-embed-text-v1	" To find out who the most streamed artist on Spotify in 2015, you would not be able to do that with the given context as it doesn't contain any information about Spotify data or statistics. You would need to access Spotify's API or database to get this information. If you have that data available and you are using Python, you could use a library like pandas or pymongo to process and analyze the data. Here is an example of how you might structure a pymongo query for MongoDB:

```python
from pymongo import MongoClient
from bson.json_util import dumps
import pprint

client = MongoClient('mongodb://username:password@localhost:27017')
db = client['spotify']
collection = db['streaming_data']

query = {'year': 2015}
result = collection.find(query).sort([('streams', -1)]).limit(1)
print(dumps(result))
```

This code connects to a MongoDB database, selects the 'streaming_data' collection, and executes a find() command with a query for data from 2015. It then sorts the results by the number of streams in descending order and limits the results to the top one. The result is then printed out. You would need to replace 'username' and 'password' with your actual database credentials, and you might also need to adjust the collection name and the query based on the structure of your actual data."	0.32926673
